<?xml version="1.0" encoding="UTF-8" standalone="yes"?>
<!-- Version 1.2.1.1 -->
<addon id="service.libreelec.backupper" name="LibreELEC Backupper" version="1.2.1.1" provider-name="Nigel1992">
    <requires>
        <import addon="xbmc.python" version="3.0.0"/>
        <import addon="script.module.requests" version="2.22.0"/>
    </requires>
    <extension point="xbmc.service" library="service.py"/>
    <extension point="xbmc.python.script" library="addon.py"/>
    <extension point="xbmc.addon.metadata">
        <platform>all</platform>
        <summary lang="en_GB">Backup LibreELEC system to local or remote storage with real-time progress</summary>
        <description lang="en_GB">Backup and restore your LibreELEC configuration, addons, and user data with real-time progress tracking. Supports local and remote storage (SMB, NFS, FTP, SFTP, WebDAV). Features accurate file size display, optimized performance for small files, and configurable compression levels.</description>
        <license>GPL-2.0-or-later</license>
        <forum>https://forum.libreelec.tv/</forum>
        <source>https://github.com/Nigel1992/service.libreelec.backupper</source>
        <news>v1.3.1.1 (2025-03-20)
- Fixed repository integration

v1.2.1.1 (2025-03-18)
- Fixed incorrect reminder notification messages
- Fixed string IDs for backup time notifications

v1.2.1 (2025-03-18)
- Added backup reminder notifications (1 hour, 30 min, 10 min, 1 min before backup)
- Improved settings organization with logical grouping
- Added author information in credits section
- Removed DEBUG multiple backups option

v1.2.0 (2025-03-16)
- Added debug mode for multiple backups per day
- Added countdown notifications for scheduled backups
- Added persistent upload notifications
- Enhanced scheduling logic and error handling
- Improved notification system with proper icon display
- Added detailed backup status tracking</news>
        <assets>
            <icon>resources/icon.png</icon>
            <fanart>resources/fanart.jpg</fanart>
            <screenshot>resources/screenshot-01.jpg</screenshot>
            <screenshot>resources/screenshot-02.jpg</screenshot>
        </assets>
    </extension>
</addon> 
