<?xml version="1.0" encoding="UTF-8" standalone="yes"?>
<addon id="repository.mykodiaddons" name="Nigel1992 Repository" version="1.0.0" provider-name="Nigel1992">
    <extension point="xbmc.addon.repository" name="Nigel1992 Repository">
        <dir>
            <info compressed="false">https://raw.githubusercontent.com/Nigel1992/kodi-repository/master/repository.mykodiaddons/addons/addons.xml</info>
            <checksum>https://raw.githubusercontent.com/Nigel1992/kodi-repository/master/repository.mykodiaddons/addons/addons.xml.md5</checksum>
            <datadir zip="false">https://raw.githubusercontent.com/Nigel1992/kodi-repository/master/repository.mykodiaddons/addons</datadir>
        </dir>
    </extension>
    <extension point="xbmc.addon.metadata">
        <summary>Repository for Nigel1992's Kodi addons</summary>
        <description>This repository contains Nigel1992's collection of Kodi addons</description>
        <platform>all</platform>
        <assets>
            <icon>icon.png</icon>
            <fanart>fanart.jpg</fanart>
        </assets>
    </extension>
</addon> 