<?xml version="1.0" encoding="UTF-8" standalone="yes"?>
        <addon id="service.libreelec.backupper" name="LibreELEC Backupper" version="1.4.1.2" provider-name="Nigel">
    <requires>
        <import addon="xbmc.python" version="3.0.0"/>
        <import addon="script.module.requests" version="2.22.0"/>
    </requires>
    <extension point="xbmc.service" library="service.py"/>
    <extension point="xbmc.python.script" library="addon.py"/>
    <extension point="xbmc.addon.metadata">
        <platform>all</platform>
        <summary lang="en_GB">Backup and restore LibreELEC system settings and configurations</summary>
        <description lang="en_GB">Automatically backup and restore your LibreELEC system settings, configurations, and addons. Supports local and remote storage locations with smart backup rotation.</description>
        <disclaimer lang="en_GB">This addon is not affiliated with LibreELEC or Kodi.</disclaimer>
        <license>GPL-2.0-or-later</license>
        <forum>https://forum.libreelec.tv/</forum>
        <source>https://github.com/Nigel1992/service.libreelec.backupper</source>
        <news>v1.4.1.2 (2025-12-30)
- Fixed restore from backup failing due to read-only file system error
- Added automatic mounting/unmounting of addons directory during restore
- Improved path resolution for addons and repository files during restore

v1.4.1 (2025-03-25)
- Enhanced main menu UI with last backup and next scheduled backup information
- Improved menu layout with visual separation between actions and information

v1.4.0 (2025-03-25)
- Added backup rotation feature with configurable retention policies
- Added dedicated wiki documentation for backup rotation
- Improved settings organization with subcategories
- Enhanced warning system for potentially destructive features
- Added visual separators in settings for better organization

v1.3.1.2 (2025-03-24)
- Improved dialog formatting and organization
- Fixed addon.xml schema validation error

v1.3.1.1 (2025-03-22)
- Fixed WebDAV connection handling
- Improved error messages for failed connections

v1.3.1 (2025-03-21)
- Added WebDAV support for remote backups
- Enhanced remote connection error handling
- Improved backup progress reporting</news>
        <assets>
            <icon>resources/icon.png</icon>
            <fanart>resources/fanart.jpg</fanart>
            <screenshot>resources/screenshot-01.jpg</screenshot>
            <screenshot>resources/screenshot-02.jpg</screenshot>
        </assets>
    </extension>
</addon> 
